,frequency
AAAAA,0.057132272372593024
AAAAC,0.04195092960070165
AAAAG,0.04702721108577858
AAAAT,0.05079802400193791
AAACA,0.06540338829561956
AAACC,0.06777807669944198
AAACG,0.04246207681681736
AAACT,0.06369748678293208
AAAGA,0.06206726080172518
AAAGC,0.05522211515082117
AAAGG,0.05890818953611451
AAAGT,0.06641966757317713
AAATA,0.07751717687647648
AAATC,0.07093739971394952
AAATG,0.07477183462563887
AAATT,0.0734854202292969
AACAA,0.13816960179909626
AACAC,0.10185478056757515
AACAG,0.13811988333085237
AACAT,0.11988958048686155
AACCA,0.14577057583314512
AACCC,0.17778072754881355
AACCG,0.136484965637132
AACCT,0.17031641161005143
AACGA,0.20426579718184093
AACGC,0.17579379004691906
AACGG,0.13339127880423082
AACGT,0.22699762993059083
AACTA,0.10835714677386574
AACTC,0.11452369241289562
AACTG,0.11375310127981528
AACTT,0.12340150047126129
AAGAA,0.11328957224560597
AAGAC,0.10186007422301853
AAGAG,0.12489596932452766
AAGAT,0.11954236920648062
AAGCA,0.11189687724693739
AAGCC,0.11188666783507296
AAGCG,0.0965860809173624
AAGCT,0.12339412279792986
AAGGA,0.10635211278708512
AAGGC,0.10863999626479491
AAGGG,0.1337662374414299
AAGGT,0.15046049587829496
AAGTA,0.13020371380884924
AAGTC,0.11084898626626763
AAGTG,0.1265413927342058
AAGTT,0.12942293966351182
AATAA,0.08501455041579722
AATAC,0.09495328170881864
AATAG,0.15676210715963054
AATAT,0.08045196181269955
AATCA,0.06904653070675335
AATCC,0.06897009275013805
AATCG,0.06250741339963087
AATCT,0.07817054247580948
AATGA,0.10906883767428155
AATGC,0.11307647523599618
AATGG,0.12560552015045806
AATGT,0.13366761271423142
AATTA,0.07128635509971618
AATTC,0.06461897200571974
AATTG,0.14079600149064167
AATTT,0.07297534942534488
ACAAA,0.06986721998958147
ACAAC,0.062415045302528414
ACAAG,0.06826529717981526
ACAAT,0.08170960046463105
ACACA,0.07621788198253437
ACACC,0.07579806658742869
ACACG,0.07311885093054955
ACACT,0.10921950660290222
ACAGA,0.06517666684252137
ACAGC,0.07005565718984823
ACAGG,0.08242718033345121
ACAGT,0.1117640423704373
ACATA,0.16489893967336583
ACATC,0.12933357585125047
ACATG,0.17121734496929802
ACATT,0.13068260349496538
ACCAA,0.12856331057649545
ACCAC,0.11550863441589945
ACCAG,0.1239049509168076
ACCAT,0.11822093313612878
ACCCA,0.13940364164466387
ACCCC,0.16947394264650453
ACCCG,0.13715899087823422
ACCCT,0.17132979520056166
ACCGA,0.25366973090870165
ACCGC,0.22088830288964453
ACCGG,0.23308513164376618
ACCGT,0.25108215932588185
ACCTA,0.13519252091523032
ACCTC,0.1380217995942763
ACCTG,0.1220875716951033
ACCTT,0.1448650626171556
ACGAA,0.2316146887558621
ACGAC,0.2563155989866088
ACGAG,0.25365514846327486
ACGAT,0.2794239010470007
ACGCA,0.2552789166002354
ACGCC,0.24335055594088298
ACGCG,0.19847059857607455
ACGCT,0.25791893711656827
ACGGA,0.19526205150825157
ACGGC,0.23798016112759557
ACGGG,0.19691341797207232
ACGGT,0.2415601270506267
ACGTA,0.21932375871612353
ACGTC,0.20025302282694007
ACGTG,0.2480017342778621
ACGTT,0.2250254757364367
ACTAA,0.079213976057297
ACTAC,0.08008350112585162
ACTAG,0.08838411772688758
ACTAT,0.08365247416562804
ACTCA,0.06150883312605893
ACTCC,0.0709302158744179
ACTCG,0.06359679160524208
ACTCT,0.0762752878232177
ACTGA,0.09851224809905354
ACTGC,0.0949045578104823
ACTGG,0.09954021593583051
ACTGT,0.11232075262107351
ACTTA,0.06631319959272883
ACTTC,0.06765568441772983
ACTTG,0.08632531139295191
ACTTT,0.0663998954364022
AGAAA,0.056406250509953675
AGAAC,0.04616635668214069
AGAAG,0.04974865260365834
AGAAT,0.04903779845565338
AGACA,0.07325012545340809
AGACC,0.06960900689178197
AGACG,0.06984049101915372
AGACT,0.0825079801455946
AGAGA,0.05799352883897585
AGAGC,0.06175307426106129
AGAGG,0.06106334982009958
AGAGT,0.07673501826572682
AGATA,0.11451211338293411
AGATC,0.09500546522170158
AGATG,0.10225688586131264
AGATT,0.07912950389776519
AGCAA,0.11625408455390324
AGCAC,0.10537789382795036
AGCAG,0.10458568913079927
AGCAT,0.09822835182038414
AGCCA,0.11986943310859323
AGCCC,0.14985880407589147
AGCCG,0.11154223129422978
AGCCT,0.15049951850516766
AGCGA,0.2617446447402526
AGCGC,0.19378677085023774
AGCGG,0.22145533876790444
AGCGT,0.25963924580515463
AGCTA,0.10490071962726828
AGCTC,0.1180038280949723
AGCTG,0.10468336130167974
AGCTT,0.12096733871465222
AGGAA,0.1023133787387916
AGGAC,0.11542168493258989
AGGAG,0.12480948520732803
AGGAT,0.12626187636502306
AGGCA,0.13192239206345535
AGGCC,0.13482893961683978
AGGCG,0.11090073649559233
AGGCT,0.1505290977191206
AGGGA,0.11205536289595942
AGGGC,0.11649678187087525
AGGGG,0.15589302803282182
AGGGT,0.1723440092676269
AGGTA,0.1530051142699668
AGGTC,0.1517211270411158
AGGTG,0.1616853044496487
AGGTT,0.17518049924152093
AGTAA,0.07102545875078468
AGTAC,0.08394418428745144
AGTAG,0.10639209236356241
AGTAT,0.08321006171607852
AGTCA,0.06810139265434688
AGTCC,0.07246773521595334
AGTCG,0.0666228366864535
AGTCT,0.08188542090115813
AGTGA,0.08427507516906499
AGTGC,0.10251279670402279
AGTGG,0.09090471635554877
AGTGT,0.11567798478228193
AGTTA,0.05950896793224743
AGTTC,0.07210527770624837
AGTTG,0.11540439394233193
AGTTT,0.06458571479396341
ATAAA,0.06843702509454411
ATAAC,0.05033359797245717
ATAAG,0.06357346791666797
ATAAT,0.0632981873342464
ATACA,0.07753278314657776
ATACC,0.07057126770563779
ATACG,0.06368591117152314
ATACT,0.08527570225003357
ATAGA,0.06637331815600132
ATAGC,0.06140105115154534
ATAGG,0.06726746186030512
ATAGT,0.08377006163935229
ATATA,0.11864669576230727
ATATC,0.08544676318550092
ATATG,0.10489703411505281
ATATT,0.08061394577159184
ATCAA,0.1064940767998531
ATCAC,0.08940784461014682
ATCAG,0.0970905057363699
ATCAT,0.10917211224977745
ATCCA,0.11888742836813808
ATCCC,0.14170454275980365
ATCCG,0.11217211642112827
ATCCT,0.12850258830944167
ATCGA,0.30537679969633574
ATCGC,0.2623658694843985
ATCGG,0.2591609336090829
ATCGT,0.28325861181227946
ATCTA,0.11304745814344506
ATCTC,0.11446229238054018
ATCTG,0.10265153967011692
ATCTT,0.11398518698397281
ATGAA,0.08996133740927534
ATGAC,0.09187987348510945
ATGAG,0.12333765649837793
ATGAT,0.10975891059474237
ATGCA,0.1067651798696465
ATGCC,0.10192928073953132
ATGCG,0.09423876222280951
ATGCT,0.10240500834583831
ATGGA,0.08840066912479527
ATGGC,0.08294495303285954
ATGGG,0.10725387926639762
ATGGT,0.11644628080890633
ATGTA,0.1340564510305144
ATGTC,0.11399963783174492
ATGTG,0.1226732754702497
ATGTT,0.12053994046242435
ATTAA,0.059719909670299845
ATTAC,0.061373883410623734
ATTAG,0.08124289564696303
ATTAT,0.06337623152887319
ATTCA,0.046161952644090815
ATTCC,0.04964961770841694
ATTCG,0.04870483740652977
ATTCT,0.04834504083269966
ATTGA,0.07320942607207574
ATTGC,0.06996001259822429
ATTGG,0.0752088637801626
ATTGT,0.08141043245466137
ATTTA,0.05623808499975571
ATTTC,0.04572113371709016
ATTTG,0.07936791289836612
ATTTT,0.05136369015896619
CAAAA,0.06765229767859966
CAAAC,0.06411881285948548
CAAAG,0.06471184486681035
CAAAT,0.08398044053245907
CAACA,0.0908771692630725
CAACC,0.10284370704918301
CAACG,0.1085273479769302
CAACT,0.11444116671974455
CAAGA,0.07200609459507343
CAAGC,0.06764790347225419
CAAGG,0.07139621286506896
CAAGT,0.0822548476854506
CAATA,0.13904661414788122
CAATC,0.14362011766486604
CAATG,0.1545309194787043
CAATT,0.14203679274445155
CACAA,0.133543508218838
CACAC,0.11896492775008548
CACAG,0.12047665405113371
CACAT,0.1262912587016993
CACCA,0.14545275201691976
CACCC,0.17779039814235126
CACCG,0.1262848655435291
CACCT,0.1619881181461581
CACGA,0.2412319870690736
CACGC,0.22098771672648232
CACGG,0.20699092594399454
CACGT,0.24525287591418415
CACTA,0.12799294865980942
CACTC,0.12499105732103911
CACTG,0.11523360745170888
CACTT,0.1317025361039841
CAGAA,0.07841787930631464
CAGAC,0.09037461672327782
CAGAG,0.09380791271821722
CAGAT,0.1057994625033548
CAGCA,0.09640226050476691
CAGCC,0.0939816752842074
CAGCG,0.09162305085727002
CAGCT,0.10410621108181713
CAGGA,0.08688946325831337
CAGGC,0.08969860950910807
CAGGG,0.10800243823772938
CAGGT,0.11930999029964336
CAGTA,0.12038505109753381
CAGTC,0.10080250448523118
CAGTG,0.11544148288145341
CAGTT,0.11055257323605158
CATAA,0.10290317682084199
CATAC,0.12395117396527829
CATAG,0.17015858690046415
CATAT,0.1036982222046268
CATCA,0.08548797219314341
CATCC,0.09828607689012399
CATCG,0.0758319542755427
CATCT,0.10161560895443816
CATGA,0.13482943752044438
CATGC,0.1479503549554488
CATGG,0.14819831899010397
CATGT,0.1696555533597214
CATTA,0.07603595908182566
CATTC,0.06499463525819892
CATTG,0.15222363344007106
CATTT,0.07346084452141696
CCAAA,0.07150365124405471
CCAAC,0.05462951657747755
CCAAG,0.06484855216529416
CCAAT,0.07592409444106833
CCACA,0.07601862984036226
CCACC,0.0727905924257267
CCACG,0.06579720156600484
CCACT,0.09719520434548175
CCAGA,0.07296314661157079
CCAGC,0.06477151934193814
CCAGG,0.0825529168491853
CCAGT,0.09972019783781133
CCATA,0.15578811197939604
CCATC,0.1216955517854409
CCATG,0.14903867867746076
CCATT,0.12734140313563475
CCCAA,0.10358132087435669
CCCAC,0.12054183937917867
CCCAG,0.10153982309609513
CCCAT,0.10571566287068608
CCCCA,0.13277324081023148
CCCCC,0.1677311529501541
CCCCG,0.12270644706807483
CCCCT,0.15684550795942018
CCCGA,0.25646207220470235
CCCGC,0.22386444346737916
CCCGG,0.22199838493522558
CCCGT,0.2455293696247482
CCCTA,0.12660420444023662
CCCTC,0.1432185281761553
CCCTG,0.1083435235837305
CCCTT,0.13277124565881418
CCGAA,0.1992969196291251
CCGAC,0.2424423453653238
CCGAG,0.23122205446838162
CCGAT,0.25997460969841585
CCGCA,0.2389265316804226
CCGCC,0.22614255162374422
CCGCG,0.1906549381640829
CCGCT,0.22804485557080667
CCGGA,0.17852105690813877
CCGGC,0.21962498086395496
CCGGG,0.22151820396056016
CCGGT,0.23236840040793913
CCGTA,0.18238912808250793
CCGTC,0.17271604938271604
CCGTG,0.20943755315141635
CCGTT,0.1808220839950591
CCTAA,0.062039496051536906
CCTAC,0.07098096012786298
CCTAG,0.07409366743822053
CCTAT,0.06480297988017977
CCTCA,0.04752829305408519
CCTCC,0.05681478912888984
CCTCG,0.04743756419557114
CCTCT,0.06023631589099501
CCTGA,0.0806207280652602
CCTGC,0.07482854166589252
CCTGG,0.08216615194261068
CCTGT,0.08131563752241282
CCTTA,0.05681785833451944
CCTTC,0.0564974285194949
CCTTG,0.07001548218590395
CCTTT,0.057519162798644274
CGAAA,0.058330305426721095
CGAAC,0.040030969422679454
CGAAG,0.041989452813605055
CGAAT,0.05014738435128298
CGACA,0.06024018088030219
CGACC,0.06195949419142593
CGACG,0.060908290887757004
CGACT,0.06426460932370322
CGAGA,0.045020329743979265
CGAGC,0.04948336508867067
CGAGG,0.0471462521511475
CGAGT,0.06530208051120599
CGATA,0.09295264953154864
CGATC,0.0642178082475508
CGATG,0.07510861127378213
CGATT,0.06189483779347485
CGCAA,0.0959317452057924
CGCAC,0.1044104048566719
CGCAG,0.0927336595774464
CGCAT,0.09337455751752868
CGCCA,0.10072991595366093
CGCCC,0.13644120275341454
CGCCG,0.10495660932111137
CGCCT,0.10893004911506429
CGCGA,0.19911567664135774
CGCGC,0.16646250327431855
CGCGG,0.1910774852267562
CGCGT,0.20145095763203713
CGCTA,0.10803147215375272
CGCTC,0.12050347927505274
CGCTG,0.09299883765268473
CGCTT,0.0897409612148806
CGGAA,0.0914513349531943
CGGAC,0.09673551450164718
CGGAG,0.09820820326810645
CGGAT,0.10996816210089129
CGGCA,0.11864059488269366
CGGCC,0.10753053744468113
CGGCG,0.10536603788992324
CGGCT,0.11405498995352359
CGGGA,0.08404185742315239
CGGGC,0.09910293289048368
CGGGG,0.12348825519312022
CGGGT,0.13306923578392155
CGGTA,0.13188627060515543
CGGTC,0.12594545359703715
CGGTG,0.12533600019513622
CGGTT,0.13215180488802536
CGTAA,0.053276425685564795
CGTAC,0.0667023482973172
CGTAG,0.09315486853410043
CGTAT,0.05844204034827741
CGTCA,0.05933011746109612
CGTCC,0.06749612843566519
CGTCG,0.06360062684267842
CGTCT,0.07072972548451018
CGTGA,0.0583652828104141
CGTGC,0.06845808017155433
CGTGG,0.06425246621353574
CGTGT,0.07214138923140156
CGTTA,0.04924718203024322
CGTTC,0.04819480975143641
CGTTG,0.07812777861032019
CGTTT,0.05102791656961094
CTAAA,0.08693187694050182
CTAAC,0.05979116264675033
CTAAG,0.07013358284124306
CTAAT,0.08133316295820542
CTACA,0.09783993901219414
CTACC,0.08613501613589172
CTACG,0.09100738932953698
CTACT,0.10704835538614688
CTAGA,0.0763005261081666
CTAGC,0.06806378080659975
CTAGG,0.07542519940205518
CTAGT,0.0936921159262113
CTATA,0.17552271162161806
CTATC,0.16738482501214907
CTATG,0.17491805719127976
CTATT,0.15622366362679288
CTCAA,0.10218735111149224
CTCAC,0.10599609852313628
CTCAG,0.09086010467968567
CTCAT,0.12333472826399121
CTCCA,0.11044546736211784
CTCCC,0.12623021857495398
CTCCG,0.09926911632560283
CTCCT,0.12525636207134314
CTCGA,0.27005426501321994
CTCGC,0.23188500844661444
CTCGG,0.23176496896512128
CTCGT,0.251984519458181
CTCTA,0.12794516295102676
CTCTC,0.13641671610513542
CTCTG,0.09830603912471833
CTCTT,0.11939139423669058
CTGAA,0.07756232890987652
CTGAC,0.08592380809235403
CTGAG,0.09423818063452877
CTGAT,0.09671590377181385
CTGCA,0.10337237454281797
CTGCC,0.11119223861329515
CTGCG,0.09065135227266377
CTGCT,0.11172956131237385
CTGGA,0.08212305552033004
CTGGC,0.08252826007538977
CTGGG,0.10195322846019197
CTGGT,0.12419492542791631
CTGTA,0.14635953580532957
CTGTC,0.12820855663285402
CTGTG,0.12587807417618677
CTGTT,0.13926642555629956
CTTAA,0.055998037261867216
CTTAC,0.06555530173745952
CTTAG,0.06972332511369256
CTTAT,0.06248771657258439
CTTCA,0.03888616181225821
CTTCC,0.04381725251189133
CTTCG,0.03255018161346484
CTTCT,0.05079504603396379
CTTGA,0.06193881321758974
CTTGC,0.05644741651062468
CTTGG,0.06451389658284601
CTTGT,0.06733515195430714
CTTTA,0.04521153644562662
CTTTC,0.04458022681927964
CTTTG,0.05964958961188613
CTTTT,0.04627521768854421
GAAAA,0.046722124011767056
GAAAC,0.032336651759663444
GAAAG,0.04670173207432243
GAAAT,0.04628982098108089
GAACA,0.06729651509679226
GAACC,0.0601750328199697
GAACG,0.052992264710405544
GAACT,0.07103478211337445
GAAGA,0.05974353923619562
GAAGC,0.05448424737590967
GAAGG,0.058247175040603394
GAAGT,0.06954764900190262
GAATA,0.08626231624882778
GAATC,0.071831457307975
GAATG,0.0722146943066414
GAATT,0.06419046697455283
GACAA,0.13287978175942033
GACAC,0.10448855695206363
GACAG,0.1182384600494991
GACAT,0.11186135644321131
GACCA,0.13780835909642236
GACCC,0.16960106990685359
GACCG,0.12330957350450912
GACCT,0.14969099171497452
GACGA,0.19562127942915636
GACGC,0.1698559809186534
GACGG,0.1679230800606638
GACGT,0.20110811867664635
GACTA,0.10774044751025631
GACTC,0.11845202846156712
GACTG,0.10118088586177677
GACTT,0.11355486502449584
GAGAA,0.10948675565535596
GAGAC,0.10614128380750715
GAGAG,0.13584842293806498
GAGAT,0.11291972683822663
GAGCA,0.11595590295110696
GAGCC,0.1188975384196084
GAGCG,0.10858521918025003
GAGCT,0.11735043694701576
GAGGA,0.11441813624752993
GAGGC,0.11236148778941905
GAGGG,0.14322288581635714
GAGGT,0.13894353680253166
GAGTA,0.13443582394165404
GAGTC,0.11818845715425223
GAGTG,0.13414213412570547
GAGTT,0.11367893442604315
GATAA,0.10222024566653748
GATAC,0.11248519680148526
GATAG,0.15929504814112497
GATAT,0.084396298079495
GATCA,0.0806418066899837
GATCC,0.08507011097381259
GATCG,0.06508157255664249
GATCT,0.09448241745518846
GATGA,0.11474888304091935
GATGC,0.11365491743782524
GATGG,0.120268763398493
GATGT,0.11966930889707107
GATTA,0.06625278996082348
GATTC,0.07582575234527862
GATTG,0.14081736264047703
GATTT,0.06750445707841762
GCAAA,0.059603525616284785
GCAAC,0.051583358256714035
GCAAG,0.05327982606282093
GCAAT,0.07022824499833491
GCACA,0.0758558567076641
GCACC,0.07206375190945104
GCACG,0.06739979369289714
GCACT,0.10285192758372781
GCAGA,0.06606853923428824
GCAGC,0.06276129741781797
GCAGG,0.07358028065560329
GCAGT,0.09247797915217909
GCATA,0.15641561806166002
GCATC,0.11567887292015876
GCATG,0.14922691951157438
GCATT,0.10362941738299905
GCCAA,0.08132866388324854
GCCAC,0.08115408656017967
GCCAG,0.08293535710988317
GCCAT,0.08294324939849912
GCCCA,0.10314203026538185
GCCCC,0.13514802313285784
GCCCG,0.09980058026532788
GCCCT,0.11632483104746884
GCCGA,0.2392274860299324
GCCGC,0.20444789775030062
GCCGG,0.22053324314153286
GCCGT,0.23617403832987027
GCCTA,0.09947274958006466
GCCTC,0.11483671264037197
GCCTG,0.0903289441238842
GCCTT,0.10624985591965211
GCGAA,0.19435751088290315
GCGAC,0.22737398674260834
GCGAG,0.22852866424442017
GCGAT,0.25151068828649237
GCGCA,0.22584747436184358
GCGCC,0.2133237797477664
GCGCG,0.16609145649371887
GCGCT,0.19710918028588034
GCGGA,0.15963777280539612
GCGGC,0.2087264693699084
GCGGG,0.2196227186190045
GCGGT,0.22073159036538048
GCGTA,0.19083999088073653
GCGTC,0.17507905686546463
GCGTG,0.22112731175922093
GCGTT,0.1563291542773015
GCTAA,0.059843756915858894
GCTAC,0.0652496789206648
GCTAG,0.06558841060213061
GCTAT,0.0625229135500727
GCTCA,0.05238295319662738
GCTCC,0.060782617121927396
GCTCG,0.049819690372369774
GCTCT,0.06649316571525093
GCTGA,0.06984989289474193
GCTGC,0.0645227684093491
GCTGG,0.06474164845242433
GCTGT,0.07040287914526501
GCTTA,0.054881883384196334
GCTTC,0.05821938575355146
GCTTG,0.06862004779351213
GCTTT,0.053538734820423005
GGAAA,0.058450103634667176
GGAAC,0.04534791174666963
GGAAG,0.04456351707160878
GGAAT,0.04894226234803656
GGACA,0.07053212020277709
GGACC,0.0666138335208834
GGACG,0.06615008695269334
GGACT,0.07207010108132002
GGAGA,0.05225644920069449
GGAGC,0.05773707095589829
GGAGG,0.057207546187761193
GGAGT,0.07015230602521351
GGATA,0.09706392040256387
GGATC,0.08531854775820524
GGATG,0.09822384177621522
GGATT,0.06614176850105695
GGCAA,0.11506048740123438
GGCAC,0.10808656197988985
GGCAG,0.11077551139712867
GGCAT,0.10223973397816791
GGCCA,0.11569317458309117
GGCCC,0.14780283735349367
GGCCG,0.10785568583035256
GGCCT,0.1345862532634873
GGCGA,0.23348876979361838
GGCGC,0.21476263907648588
GGCGG,0.22509314675882997
GGCGT,0.24419347769115354
GGCTA,0.10532432858662794
GGCTC,0.11966546034777442
GGCTG,0.09412550369589888
GGCTT,0.11086858344083714
GGGAA,0.12055922017045535
GGGAC,0.13863892867935015
GGGAG,0.1257805336225533
GGGAT,0.13603008931203509
GGGCA,0.14690548534371003
GGGCC,0.14765490685671817
GGGCG,0.13730282159520107
GGGCT,0.14965762246811365
GGGGA,0.12751880137323976
GGGGC,0.1342484299560073
GGGGG,0.16691803791700072
GGGGT,0.1693224634928653
GGGTA,0.17592476075564945
GGGTC,0.1700653592142145
GGGTG,0.178461728511122
GGGTT,0.17847338476548613
GGTAA,0.06500135109854704
GGTAC,0.07225881738756583
GGTAG,0.08405806714720204
GGTAT,0.07045022638545526
GGTCA,0.06456374386607357
GGTCC,0.06951955414549144
GGTCG,0.06252278601829436
GGTCT,0.06970331160548231
GGTGA,0.06700136007933855
GGTGC,0.07158684629838866
GGTGG,0.0723529604605986
GGTGT,0.07559589831209877
GGTTA,0.05590960529430768
GGTTC,0.06325283725865685
GGTTG,0.10139156689388404
GGTTT,0.0665269948069128
GTAAA,0.06800727325983023
GTAAC,0.05472050279905578
GTAAG,0.06570733803655272
GTAAT,0.061320296016396714
GTACA,0.07885747139369023
GTACC,0.07258245680144061
GTACG,0.06899100392786248
GTACT,0.08253458410213822
GTAGA,0.0689544618369925
GTAGC,0.06500666256145203
GTAGG,0.07231962913549168
GTAGT,0.07909710340357633
GTATA,0.1372054316121308
GTATC,0.11116182433564559
GTATG,0.1250603544846713
GTATT,0.09413152584034316
GTCAA,0.0926413857566648
GTCAC,0.0798129747344978
GTCAG,0.08582954762517751
GTCAT,0.09195652620182632
GTCCA,0.10742095196149026
GTCCC,0.13901827993574534
GTCCG,0.09997663024880439
GTCCT,0.11510049072020806
GTCGA,0.2709023503290056
GTCGC,0.22828770654149821
GTCGG,0.24257188405006255
GTCGT,0.2588330909402002
GTCTA,0.10264234542103265
GTCTC,0.10706896805803924
GTCTG,0.08995937460925336
GTCTT,0.10076955182043963
GTGAA,0.07883794295989294
GTGAC,0.08227655901008964
GTGAG,0.10957752841933308
GTGAT,0.08404133553053487
GTGCA,0.1208342444105647
GTGCC,0.10784245608596767
GTGCG,0.09766894529214049
GTGCT,0.1057588199267987
GTGGA,0.08165198023294487
GTGGC,0.08023392404061803
GTGGG,0.12015218796916811
GTGGT,0.11563183643378896
GTGTA,0.13729639500872337
GTGTC,0.10438255870681291
GTGTG,0.1149330482500814
GTGTT,0.10684759998915952
GTTAA,0.04923976721739348
GTTAC,0.05622540284934495
GTTAG,0.06130151737038359
GTTAT,0.0505985369097761
GTTCA,0.039291203554026585
GTTCC,0.04557671244418232
GTTCG,0.038694113759796235
GTTCT,0.04620377570707057
GTTGA,0.05049886357952527
GTTGC,0.05126234443859124
GTTGG,0.05088851171908116
GTTGT,0.06130770822881977
GTTTA,0.037464976571307256
GTTTC,0.03747097810852772
GTTTG,0.059886740429982294
GTTTT,0.04317915568261095
TAAAA,0.04933356008426343
TAAAC,0.038037464624351036
TAAAG,0.045415883061788835
TAAAT,0.056378468587065814
TAACA,0.0627236801074624
TAACC,0.05414685946230263
TAACG,0.04815766045614957
TAACT,0.05869139556227861
TAAGA,0.060113618407686926
TAAGC,0.05486947273590372
TAAGG,0.056402505499685
TAAGT,0.06662540754528593
TAATA,0.08552934323866901
TAATC,0.06694128880837431
TAATG,0.07584418039055664
TAATT,0.07148981136654523
TACAA,0.15152860555331785
TACAC,0.13942665719196545
TACAG,0.14669783214618418
TACAT,0.13446024645544727
TACCA,0.14566960294311637
TACCC,0.17633397948343651
TACCG,0.13332228324657522
TACCT,0.15333943376962983
TACGA,0.22013965587397546
TACGC,0.1919714689376398
TACGG,0.17587449743100975
TACGT,0.2240149595582947
TACTA,0.13152389153037253
TACTC,0.13368739409878755
TACTG,0.12280161765394937
TACTT,0.12970868442948955
TAGAA,0.09649652151970037
TAGAC,0.09058079244634391
TAGAG,0.12152075145825784
TAGAT,0.11385218197257202
TAGCA,0.11692876517231277
TAGCC,0.10693663372120454
TAGCG,0.10911480763709445
TAGCT,0.10417013952862662
TAGGA,0.1051806463229503
TAGGC,0.10382107321521
TAGGG,0.12683703632159896
TAGGT,0.13634089912753056
TAGTA,0.12933858655261982
TAGTC,0.10871790933195914
TAGTG,0.1281489202387142
TAGTT,0.11523349615028618
TATAA,0.1193185357338757
TATAC,0.13933258284317201
TATAG,0.1750292116434033
TATAT,0.11896227203145208
TATCA,0.09939024871226523
TATCC,0.10750150653381653
TATCG,0.09225847418210645
TATCT,0.10839952665735789
TATGA,0.1407789751427733
TATGC,0.1546118967931361
TATGG,0.1548492948609238
TATGT,0.1647410699819506
TATTA,0.08533008563057484
TATTC,0.08563662631290336
TATTG,0.1378455457354406
TATTT,0.07715592914450602
TCAAA,0.05990168770460998
TCAAC,0.05051577592524267
TCAAG,0.06124492594472814
TCAAT,0.07439607774337238
TCACA,0.05972571951291484
TCACC,0.06779313887030788
TCACG,0.05868826459760042
TCACT,0.08413455891063645
TCAGA,0.06546595532404141
TCAGC,0.06929405194011908
TCAGG,0.0790140177159408
TCAGT,0.09806722477610744
TCATA,0.13473838127360696
TCATC,0.11541845990271056
TCATG,0.1353325027152147
TCATT,0.10820490103206569
TCCAA,0.0856654658927075
TCCAC,0.09210491919049175
TCCAG,0.08401952907163983
TCCAT,0.08992841801474395
TCCCA,0.09692385037855847
TCCCC,0.1277103559112816
TCCCG,0.09777598638290223
TCCCT,0.11053874975274915
TCCGA,0.19180330092084028
TCCGC,0.16505709483138262
TCCGG,0.1792261578011968
TCCGT,0.20486860901631174
TCCTA,0.10548653982390446
TCCTC,0.11645012648717344
TCCTG,0.08728641484403879
TCCTT,0.10641612789909739
TCGAA,0.23142582913744764
TCGAC,0.260381872018904
TCGAG,0.26778660867062193
TCGAT,0.302728112681278
TCGCA,0.26893062822764774
TCGCC,0.23204801458482546
TCGCG,0.1977062496645256
TCGCT,0.2623110320843777
TCGGA,0.18630379430361008
TCGGC,0.23912175507024433
TCGGG,0.256120363353601
TCGGT,0.2560754760088835
TCGTA,0.19013567156320252
TCGTC,0.19783911896431303
TCGTG,0.23307985990597294
TCGTT,0.15880913073680963
TCTAA,0.063107404535456
TCTAC,0.07208711220439801
TCTAG,0.08051058540815718
TCTAT,0.06931223439258544
TCTCA,0.04802306232446958
TCTCC,0.053325368644706835
TCTCG,0.045131382667704466
TCTCT,0.05816374488269993
TCTGA,0.06800258300687578
TCTGC,0.06439096526691385
TCTGG,0.07188669044295973
TCTGT,0.07059108862864666
TCTTA,0.05975886798838517
TCTTC,0.05766556722457384
TCTTG,0.07159817059263676
TCTTT,0.05864146182028648
TGAAA,0.04862995821584868
TGAAC,0.03756545696199529
TGAAG,0.04000677012811166
TGAAT,0.047718406086838375
TGACA,0.06844909079966159
TGACC,0.06447411083602124
TGACG,0.0579164420556752
TGACT,0.06898853778556895
TGAGA,0.04885526877937222
TGAGC,0.05144929195333875
TGAGG,0.046103277161287856
TGAGT,0.06440236229741926
TGATA,0.0975823298159188
TGATC,0.08079443733354073
TGATG,0.080758495704437
TGATT,0.06977474577297801
TGCAA,0.11236059161378707
TGCAC,0.12179752881542456
TGCAG,0.10696101446267549
TGCAT,0.10392758318058298
TGCCA,0.12466885887856213
TGCCC,0.14620884038068263
TGCCG,0.11985425691655993
TGCCT,0.13145945697033887
TGCGA,0.2622523712330412
TGCGC,0.22562343351797637
TGCGG,0.23905073259830847
TGCGT,0.233705274426648
TGCTA,0.1151037379815753
TGCTC,0.12567544045817727
TGCTG,0.09743246692448852
TGCTT,0.11443851993870745
TGGAA,0.09222867998713345
TGGAC,0.1011168221333841
TGGAG,0.10578268607055878
TGGAT,0.11155907321065153
TGGCA,0.12506802816922294
TGGCC,0.11600027172434443
TGGCG,0.09908314137893608
TGGCT,0.11954726435244387
TGGGA,0.09797083916182321
TGGGC,0.10330877984617533
TGGGG,0.13218905550451798
TGGGT,0.1392292969977433
TGGTA,0.144219853670112
TGGTC,0.1385197355921868
TGGTG,0.14358562459742819
TGGTT,0.147088827995114
TGTAA,0.06203011970800405
TGTAC,0.07811270036410761
TGTAG,0.09371597033015833
TGTAT,0.07671615981301057
TGTCA,0.06880917777898427
TGTCC,0.07222700845357698
TGTCG,0.060756533700137554
TGTCT,0.07666498528592637
TGTGA,0.06009051259563153
TGTGC,0.07285550122326506
TGTGG,0.07316855893558563
TGTGT,0.07248848115505735
TGTTA,0.06385563591655358
TGTTC,0.06858706390067165
TGTTG,0.08844604532236666
TGTTT,0.06590070844703144
TTAAA,0.0727854790641604
TTAAC,0.048114372301461934
TTAAG,0.05591705873128505
TTAAT,0.05960661793003558
TTACA,0.06289465639262096
TTACC,0.06525268188044457
TTACG,0.05446188050676987
TTACT,0.07283749901452666
TTAGA,0.062460729559919985
TTAGC,0.05988474770284378
TTAGG,0.061860565395267804
TTAGT,0.08074929832122696
TTATA,0.12138390573273183
TTATC,0.10331993530386202
TTATG,0.10479479689095689
TTATT,0.08520111211567091
TTCAA,0.08199223663112842
TTCAC,0.07880017635564501
TTCAG,0.07662029051702895
TTCAT,0.08696006550453474
TTCCA,0.09920130090486469
TTCCC,0.11851903582734463
TTCCG,0.09696395595204205
TTCCT,0.10274400347725876
TTCGA,0.22343123073479018
TTCGC,0.1875831881114755
TTCGG,0.19481937872571584
TTCGT,0.16051808227462372
TTCTA,0.09939493517371649
TTCTC,0.10578479147571344
TTCTG,0.08415862682734335
TTCTT,0.11062330601226461
TTGAA,0.07910784182019137
TTGAC,0.09171695013609771
TTGAG,0.09886699196599899
TTGAT,0.10424322410673564
TTGCA,0.11462438341849612
TTGCC,0.11445636696931538
TTGCG,0.09308840793381742
TTGCT,0.1154209821817316
TTGGA,0.07605864435124231
TTGGC,0.08139905467023106
TTGGG,0.1023085201641377
TTGGT,0.1277501735494564
TTGTA,0.14633607947523627
TTGTC,0.13248109427923244
TTGTG,0.12230447402513657
TTGTT,0.13784045001374046
TTTAA,0.07236993011763808
TTTAC,0.06904281351027917
TTTAG,0.08529974827204788
TTTAT,0.06938253788538014
TTTCA,0.04862084852760889
TTTCC,0.06229572768817166
TTTCG,0.047758845821986855
TTTCT,0.056704322875765066
TTTGA,0.05581467603659598
TTTGC,0.05771522073696542
TTTGG,0.06722903495754816
TTTGT,0.06539621350164815
TTTTA,0.04984078930442459
TTTTC,0.04680913443434289
TTTTG,0.06433362099762185
TTTTT,0.057120288395500485
